t_min,m_sample_g,w_IST_R,w_BIOD_R,w_SBOunc,C_SBO_molL,X,S_C16:0,S_C18:0,S_C18:1,S_C18:2,S_C18:3
3.0,0.2515,0.09041591320072333,0.5691406691232925,0.34044341767598413,0.38455347506975646,0.6595565823240159,11.320753487243515,26.793328974470764,20.61858366368243,33.3570516329524,7.910282241650902
4.0,0.2535,0.08976660682226212,0.6077638400626466,0.30246955311509127,0.3410675501579205,0.6975304468849087,11.15168010442214,26.987830452103186,18.7995416981908,35.34836693302473,7.7125808122591515
5.0,0.2519,0.09028530155290719,0.6224378993377365,0.2872767991093563,0.3239908127834422,0.7127232008906438,11.100764157744342,26.77424378063249,19.556533267581077,35.43259433357729,7.135864460464812
6.0,0.2515,0.09041591320072333,0.6887033982607057,0.22088068853857096,0.24870450373110622,0.7791193114614291,11.080347064800364,26.588805143583855,18.705768520319737,36.02268100757292,7.6023982637231144
7.0,0.2554,0.0891583452211127,0.6284494595735359,0.28239219520535136,0.31804347712206027,0.7176078047946487,11.267122388537363,26.43784191077038,22.258372178578075,32.84027616591689,7.196387356197281
8.0,0.2511,0.09054690329590727,0.698276699821511,0.21117639688258177,0.23775074440510277,0.7888236031174183,11.204432336447669,26.401347195884554,20.972631813880078,34.29939922856409,7.122189425223604
9.0,0.2472,0.09184423218221895,0.6593383086081244,0.2488174592096567,0.28081300933696673,0.7511825407903433,11.326637089545674,26.443908659222192,21.509866722485537,33.21249462538667,7.50709290335994
12.0,0.2591,0.0879971840901091,0.7177142594210707,0.1942885564888202,0.21802495250439366,0.8057114435111797,11.138106049305833,27.169896114584592,20.587292843379792,33.968166262897974,7.136538729831803
15.0,0.2573,0.0885582713425434,0.7370253723531746,0.17441635630428204,0.19574269094634128,0.825583643695718,11.557198048622283,26.617382656489045,20.345637075080035,34.08793421781821,7.391848001990415
18.0,0.2613,0.08732099196646875,0.7274140318468433,0.18526497618668797,0.20769439397111294,0.8147350238133121,11.061065741441926,26.668101366251314,23.301250755575424,31.85140483681197,7.118177299919373
23.0,0.248,0.09157509157509157,0.791982437100395,0.11644247132451348,0.13091393508283936,0.8835575286754866,11.071064833234818,26.804827671678954,22.625954933575198,32.10729936208476,7.390853199426281
28.0,0.2571,0.08862105636299183,0.8245270195481107,0.08685192408889747,0.09725208020779644,0.9131480759111026,11.276654843500031,26.892501405733128,21.596964276958364,33.067396413228536,7.166483060579947
